"threshold","recall","precision"
0.974944908951796,0.002,1
0.969302071920845,0.004,1
0.967469875272746,0.006,1
0.944919151821238,0.008,1
0.942918527763246,0.01,1
0.942900338325474,0.012,1
0.939761657329831,0.014,1
0.939423573068757,0.016,1
0.937605218416908,0.018,1
0.929984487135365,0.02,1
0.927133642130558,0.022,1
0.913978967397941,0.024,1
0.90958054313902,0.026,1
0.902113828626673,0.028,1
0.895560942474701,0.03,1
0.888417618180238,0.032,1
0.8858384823103,0.034,1
0.885523738375878,0.034,0.944444444444444
0.881118405337434,0.036,0.947368421052632
0.877856115112001,0.038,0.95
0.876982999979552,0.04,0.952380952380952
0.876108444194998,0.042,0.954545454545455
0.874061091086034,0.044,0.956521739130435
0.871869139318999,0.046,0.958333333333333
0.869718788119935,0.048,0.96
0.866666625472613,0.05,0.961538461538462
0.865984740015684,0.052,0.962962962962963
0.865909455394307,0.054,0.964285714285714
0.863614585550514,0.054,0.931034482758621
0.863247088366203,0.056,0.933333333333333
0.861854699568459,0.058,0.935483870967742
0.854207922145405,0.06,0.9375
0.85042986734648,0.06,0.909090909090909
0.848670126089269,0.062,0.911764705882353
0.847694247719394,0.062,0.885714285714286
0.845911354830871,0.064,0.888888888888889
0.844251314838065,0.064,0.864864864864865
0.840643491459739,0.064,0.842105263157895
0.839954319245511,0.066,0.846153846153846
0.83692763203743,0.068,0.85
0.830689806071522,0.07,0.853658536585366
0.82746579461319,0.072,0.857142857142857
0.826082576542972,0.074,0.86046511627907
0.825055519930858,0.076,0.863636363636364
0.821284950251959,0.076,0.844444444444444
0.820101100194402,0.076,0.826086956521739
0.818827987585049,0.078,0.829787234042553
0.817454751941086,0.08,0.833333333333333
0.816656865244597,0.082,0.836734693877551
0.812389011417364,0.084,0.84
0.811532527079564,0.086,0.843137254901961
0.811257697036959,0.086,0.826923076923077
0.810390530073773,0.088,0.830188679245283
0.806926415002091,0.09,0.833333333333333
0.803465409340971,0.092,0.836363636363636
0.802157816902257,0.094,0.839285714285714
0.795226386284109,0.096,0.842105263157895
0.794767982266842,0.098,0.844827586206897
0.794708784844837,0.098,0.830508474576271
0.792251399593475,0.1,0.833333333333333
0.791412443267896,0.102,0.836065573770492
0.786972859263364,0.104,0.838709677419355
0.785099430983759,0.106,0.841269841269841
0.783153253807271,0.108,0.84375
0.78107970829563,0.11,0.846153846153846
0.780973434568636,0.112,0.848484848484849
0.779354233356623,0.112,0.835820895522388
0.777776858194417,0.114,0.838235294117647
0.777405468514876,0.116,0.840579710144927
0.775215585057323,0.118,0.842857142857143
0.771906481341006,0.118,0.830985915492958
0.771872900511274,0.12,0.833333333333333
0.771570376424383,0.12,0.821917808219178
0.770390783170899,0.122,0.824324324324324
0.759601412175407,0.124,0.826666666666667
0.759587866351542,0.126,0.828947368421053
0.755445802744661,0.128,0.831168831168831
0.753680905233272,0.13,0.833333333333333
0.751611756130718,0.132,0.835443037974684
0.750659211239962,0.134,0.8375
0.747499130709081,0.134,0.827160493827161
0.743207076049984,0.136,0.829268292682927
0.742160855689633,0.138,0.831325301204819
0.740895822609996,0.14,0.833333333333333
0.737511533696674,0.14,0.823529411764706
0.734191169620971,0.142,0.825581395348837
0.733780244041175,0.142,0.816091954022989
0.729896947318302,0.144,0.818181818181818
0.72824035912097,0.146,0.820224719101124
0.727764576626585,0.146,0.811111111111111
0.716940274835893,0.146,0.802197802197802
0.716903014082054,0.148,0.804347826086957
0.714470237623031,0.15,0.806451612903226
0.714232031314896,0.15,0.797872340425532
0.713824324704711,0.152,0.8
0.713085852861903,0.154,0.802083333333333
0.711769540938432,0.156,0.804123711340206
0.710513568211234,0.158,0.806122448979592
0.707210576292315,0.16,0.808080808080808
0.703462322466157,0.162,0.81
0.702832171355958,0.164,0.811881188118812
0.69807564725237,0.166,0.813725490196078
0.697215416555917,0.168,0.815533980582524
0.696961000873179,0.17,0.817307692307692
0.696206649256779,0.172,0.819047619047619
0.69547553214562,0.172,0.811320754716981
0.69404847328668,0.174,0.813084112149533
0.692018593400672,0.176,0.814814814814815
0.691209027969652,0.178,0.81651376146789
0.687068390641197,0.18,0.818181818181818
0.686701325094939,0.18,0.810810810810811
0.680009025468108,0.182,0.8125
0.676254441437747,0.182,0.805309734513274
0.676211738887373,0.184,0.807017543859649
0.674336734244828,0.186,0.808695652173913
0.671547779564688,0.188,0.810344827586207
0.669499020331801,0.19,0.811965811965812
0.667162835019625,0.192,0.813559322033898
0.667081745165631,0.194,0.815126050420168
0.666258543243198,0.196,0.816666666666667
0.665048746878422,0.198,0.818181818181818
0.662316057694516,0.2,0.819672131147541
0.661809087562983,0.202,0.821138211382114
0.660093392846222,0.202,0.814516129032258
0.655356051886265,0.202,0.808
0.652946355088727,0.202,0.801587301587302
0.652941411921584,0.204,0.803149606299213
0.650962723133709,0.206,0.8046875
0.641510791213707,0.206,0.798449612403101
0.640511531843782,0.206,0.792307692307692
0.637460745979356,0.208,0.793893129770992
0.636339492400756,0.208,0.787878787878788
0.635700714572658,0.21,0.789473684210526
0.634485176635835,0.212,0.791044776119403
0.633534190969713,0.214,0.792592592592593
0.633358179834999,0.214,0.786764705882353
0.632492573477113,0.216,0.788321167883212
0.6311052469278,0.218,0.789855072463768
0.627749150204426,0.218,0.784172661870504
0.626889036086611,0.22,0.785714285714286
0.626088702049612,0.222,0.787234042553192
0.622786736676157,0.222,0.78169014084507
0.620960148185878,0.222,0.776223776223776
0.619124911162665,0.224,0.777777777777778
0.615800910757258,0.226,0.779310344827586
0.615663683020981,0.228,0.780821917808219
0.612762945252493,0.228,0.775510204081633
0.611237916432602,0.228,0.77027027027027
0.610979654201906,0.23,0.771812080536913
0.605141814249435,0.232,0.773333333333333
0.605033099611177,0.234,0.774834437086093
0.604384106976556,0.236,0.776315789473684
0.603554338478236,0.236,0.77124183006536
0.602386709446482,0.238,0.772727272727273
0.602014960328635,0.238,0.767741935483871
0.599768772718654,0.238,0.762820512820513
0.59900943629837,0.238,0.75796178343949
0.598498539697482,0.24,0.759493670886076
0.598417781023552,0.242,0.761006289308176
0.597988052986756,0.244,0.7625
0.597824518655082,0.246,0.763975155279503
0.597671169610019,0.248,0.765432098765432
0.597195034113326,0.248,0.760736196319018
0.594748982512392,0.25,0.76219512195122
0.594197214561345,0.252,0.763636363636364
0.592660842807124,0.254,0.765060240963855
0.592059909872967,0.256,0.766467065868264
0.591537247910771,0.258,0.767857142857143
0.590544229173924,0.258,0.763313609467456
0.588421525724738,0.26,0.764705882352941
0.588358066183624,0.26,0.760233918128655
0.587954543898154,0.26,0.755813953488372
0.58785272432897,0.262,0.757225433526012
0.587049728012046,0.262,0.752873563218391
0.586628331721608,0.264,0.754285714285714
0.585611945738176,0.266,0.755681818181818
0.584806000715876,0.268,0.757062146892655
0.584553846536964,0.27,0.758426966292135
0.581407727726437,0.27,0.754189944134078
0.577898178672761,0.27,0.75
0.570206302113916,0.272,0.751381215469613
0.566265955354029,0.274,0.752747252747253
0.56371673893039,0.274,0.748633879781421
0.563415178862869,0.276,0.75
0.561603274548485,0.278,0.751351351351351
0.560758514304345,0.278,0.747311827956989
0.559635194128216,0.278,0.74331550802139
0.559592888612119,0.28,0.74468085106383
0.556323767163876,0.28,0.740740740740741
0.552535404569755,0.282,0.742105263157895
0.552279842277676,0.282,0.738219895287958
0.552023333914053,0.284,0.739583333333333
0.550929434932521,0.284,0.735751295336788
0.550555812776157,0.284,0.731958762886598
0.550380472662745,0.286,0.733333333333333
0.550106584255074,0.286,0.729591836734694
0.54789034868849,0.288,0.730964467005076
0.547198736082853,0.29,0.732323232323232
0.546072134319262,0.292,0.733668341708543
0.545183915690531,0.294,0.735
0.543263303232286,0.294,0.73134328358209
0.540640770745815,0.296,0.732673267326733
0.540359102975246,0.298,0.733990147783251
0.540196358605859,0.3,0.735294117647059
0.540116978309237,0.302,0.736585365853659
0.539406248018431,0.304,0.737864077669903
0.538371143808765,0.306,0.739130434782609
0.537472484640746,0.306,0.735576923076923
0.535877200964082,0.308,0.736842105263158
0.535205046411251,0.308,0.733333333333333
0.533704271235471,0.31,0.734597156398104
0.533680813232885,0.31,0.731132075471698
0.532869277960962,0.312,0.732394366197183
0.531980128927628,0.314,0.733644859813084
0.529154983731762,0.316,0.734883720930233
0.52875461080841,0.316,0.731481481481482
0.527482339583851,0.318,0.732718894009217
0.52668910206345,0.32,0.73394495412844
0.52667569754376,0.322,0.735159817351598
0.526139675688951,0.322,0.731818181818182
0.525341655738573,0.322,0.728506787330317
0.524828575020604,0.322,0.725225225225225
0.523943890346994,0.322,0.721973094170404
0.523502754624409,0.322,0.71875
0.521958971767605,0.322,0.715555555555556
0.52021243464641,0.322,0.712389380530973
0.516614728803762,0.324,0.713656387665198
0.515789136154763,0.324,0.710526315789474
0.513822872292013,0.326,0.7117903930131
0.51276901465472,0.328,0.71304347826087
0.512601803999223,0.33,0.714285714285714
0.512470267896826,0.332,0.71551724137931
0.510900652344714,0.334,0.716738197424893
0.509967999915682,0.334,0.713675213675214
0.50892604435514,0.336,0.714893617021277
0.508587720871895,0.336,0.711864406779661
0.505115118054489,0.338,0.713080168776371
0.501486670743953,0.34,0.714285714285714
0.498832358250065,0.34,0.711297071129707
0.498626371888046,0.34,0.708333333333333
0.4984733658522,0.34,0.705394190871369
0.49820709095147,0.34,0.702479338842975
0.497935331509076,0.342,0.703703703703704
0.497703329493799,0.344,0.704918032786885
0.494804284829502,0.346,0.706122448979592
0.494538204945581,0.346,0.703252032520325
0.493169856201634,0.348,0.704453441295547
0.490823285649824,0.35,0.705645161290323
0.490470145916484,0.352,0.706827309236948
0.489294128265266,0.354,0.708
0.488866773592029,0.354,0.705179282868526
0.488075185031871,0.356,0.706349206349206
0.487516158653832,0.356,0.703557312252964
0.486316644389233,0.358,0.704724409448819
0.483248685904914,0.36,0.705882352941177
0.482125649704961,0.36,0.703125
0.48188190442866,0.362,0.704280155642023
0.480784990975959,0.364,0.705426356589147
0.480220340184843,0.364,0.702702702702703
0.47858766918081,0.364,0.7
0.478375201786499,0.366,0.701149425287356
0.478052483649018,0.368,0.702290076335878
0.476514468333036,0.368,0.699619771863118
0.476398889469614,0.37,0.700757575757576
0.475655757023451,0.37,0.69811320754717
0.475311168400775,0.372,0.699248120300752
0.472051385769713,0.372,0.696629213483146
0.471155697278135,0.372,0.694029850746269
0.470493222245333,0.372,0.691449814126394
0.469859896829416,0.374,0.692592592592593
0.469751641408431,0.376,0.693726937269373
0.469414464839246,0.376,0.691176470588235
0.468263594687456,0.378,0.692307692307692
0.467306047974336,0.38,0.693430656934307
0.466770175803081,0.382,0.694545454545455
0.466306290387242,0.382,0.692028985507246
0.466209601144948,0.384,0.693140794223827
0.465989622383323,0.386,0.694244604316547
0.465808667656177,0.388,0.695340501792115
0.46579171651851,0.388,0.692857142857143
0.465319272564226,0.388,0.690391459074733
0.464071418772743,0.39,0.691489361702128
0.464042312115699,0.392,0.692579505300353
0.46298422037766,0.394,0.693661971830986
0.462915525884728,0.394,0.691228070175439
0.462648816267998,0.396,0.692307692307692
0.46124534149357,0.398,0.693379790940767
0.460708841999782,0.398,0.690972222222222
0.460294402068401,0.4,0.692041522491349
0.458317236450678,0.402,0.693103448275862
0.458225645241201,0.404,0.694158075601375
0.457845144592182,0.406,0.695205479452055
0.45766940004707,0.406,0.692832764505119
0.45756159867429,0.408,0.693877551020408
0.457069042150707,0.41,0.694915254237288
0.457028171754935,0.412,0.695945945945946
0.456593165970349,0.414,0.696969696969697
0.454780829882663,0.416,0.697986577181208
0.453730225535412,0.418,0.698996655518395
0.453320456852044,0.418,0.696666666666667
0.453292952729381,0.418,0.694352159468439
0.452782997649118,0.418,0.69205298013245
0.452553196917429,0.418,0.68976897689769
0.452288214867193,0.418,0.6875
0.451357604401015,0.418,0.685245901639344
0.450591544033591,0.42,0.686274509803922
0.450557354964047,0.42,0.684039087947883
0.449985778227224,0.42,0.681818181818182
0.449137218431655,0.42,0.679611650485437
0.448910386802277,0.42,0.67741935483871
0.448877052407362,0.422,0.678456591639871
0.447565462266112,0.422,0.676282051282051
0.445999030821878,0.422,0.674121405750799
0.445866080117582,0.422,0.671974522292994
0.443376299398438,0.424,0.673015873015873
0.442182927570844,0.424,0.670886075949367
0.441259974689826,0.424,0.668769716088328
0.440994465298258,0.426,0.669811320754717
0.439228987972859,0.426,0.667711598746082
0.439059787429844,0.428,0.66875
0.438558683773771,0.428,0.666666666666667
0.438089024524629,0.428,0.664596273291925
0.437898803010589,0.428,0.662538699690402
0.436328329039632,0.428,0.660493827160494
0.435178266950135,0.43,0.661538461538462
0.43457931289753,0.43,0.659509202453988
0.434144303754198,0.43,0.657492354740061
0.433434434947527,0.432,0.658536585365854
0.430420133585359,0.434,0.659574468085106
0.427515265216005,0.436,0.660606060606061
0.427324720488044,0.436,0.658610271903323
0.427160060566394,0.436,0.656626506024096
0.427145252881069,0.436,0.654654654654655
0.426390524064164,0.436,0.652694610778443
0.425972301022889,0.438,0.653731343283582
0.425784447221127,0.438,0.651785714285714
0.425699384516158,0.44,0.652818991097923
0.425503996420028,0.442,0.653846153846154
0.425282879309214,0.442,0.651917404129793
0.424040059498579,0.442,0.65
0.423625298089149,0.442,0.648093841642229
0.42357580635646,0.442,0.646198830409357
0.423514756556823,0.442,0.644314868804665
0.423105894534697,0.444,0.645348837209302
0.422544126067489,0.446,0.646376811594203
0.422322375249221,0.446,0.644508670520231
0.422296984567757,0.446,0.642651296829971
0.421859308058972,0.448,0.64367816091954
0.421683484157898,0.448,0.641833810888252
0.421638135104479,0.45,0.642857142857143
0.421619092395183,0.45,0.641025641025641
0.421249689458527,0.45,0.639204545454545
0.418376168349055,0.45,0.637393767705382
0.418054278012681,0.45,0.635593220338983
0.416848005146038,0.45,0.633802816901408
0.415084085855795,0.45,0.632022471910112
0.414983898075882,0.45,0.630252100840336
0.414549637913115,0.452,0.631284916201117
0.414333217697421,0.454,0.632311977715877
0.414311169217626,0.454,0.630555555555556
0.413899627760105,0.454,0.628808864265928
0.413336283238701,0.456,0.629834254143646
0.413159462188527,0.456,0.628099173553719
0.412894536283265,0.458,0.629120879120879
0.412872802260336,0.458,0.627397260273973
0.412833369199866,0.46,0.628415300546448
0.412298546066275,0.462,0.629427792915531
0.409538356792114,0.462,0.627717391304348
0.406492643371648,0.462,0.626016260162602
0.406328393968828,0.462,0.624324324324324
0.405476327132963,0.464,0.62533692722372
0.405029813104469,0.466,0.626344086021505
0.403090777932237,0.468,0.627345844504021
0.402700268606327,0.47,0.628342245989305
0.40242915233383,0.47,0.626666666666667
0.401974524350351,0.47,0.625
0.401752779319604,0.472,0.625994694960212
0.401746403687198,0.472,0.624338624338624
0.400719161162147,0.472,0.622691292875989
0.399305730173496,0.472,0.621052631578947
0.398896221484689,0.474,0.622047244094488
0.398073859960954,0.474,0.620418848167539
0.3973537734243,0.474,0.618798955613577
0.396829162485011,0.476,0.619791666666667
0.395971543539299,0.476,0.618181818181818
0.395840252352695,0.476,0.616580310880829
0.395621573385736,0.478,0.617571059431525
0.394626517508228,0.478,0.615979381443299
0.394531176610656,0.48,0.616966580976864
0.394271492384941,0.482,0.617948717948718
0.392860667474042,0.484,0.618925831202046
0.392493751745981,0.486,0.619897959183674
0.392069878926523,0.488,0.620865139949109
0.390247030538756,0.488,0.619289340101523
0.390049904226964,0.488,0.617721518987342
0.388589637700139,0.488,0.616161616161616
0.386596727623136,0.49,0.617128463476071
0.386010280345338,0.49,0.615577889447236
0.384978980495351,0.492,0.616541353383459
0.38360319366036,0.492,0.615
0.383603189241076,0.492,0.613466334164589
0.383223249383291,0.492,0.611940298507463
0.383178707345464,0.492,0.610421836228288
0.382294729248328,0.492,0.608910891089109
0.381469221807001,0.494,0.609876543209876
0.38137060159095,0.494,0.608374384236453
0.380769692930265,0.494,0.606879606879607
0.38073401257048,0.496,0.607843137254902
0.38060084765471,0.498,0.60880195599022
0.380198063226051,0.498,0.607317073170732
0.379636212978835,0.498,0.605839416058394
0.37872993151031,0.498,0.604368932038835
0.378573556108737,0.498,0.602905569007264
0.378268589990372,0.498,0.601449275362319
0.378134287816968,0.5,0.602409638554217
0.377468197072608,0.5,0.600961538461538
0.377182451570602,0.5,0.599520383693046
0.376293153169001,0.5,0.598086124401914
0.374746363925764,0.502,0.599045346062053
0.374549404879258,0.504,0.6
0.373892659902856,0.506,0.600950118764846
0.373853315687852,0.506,0.599526066350711
0.373102718325117,0.506,0.598108747044917
0.37301870977,0.506,0.596698113207547
0.372992925207487,0.506,0.595294117647059
0.372914634253679,0.508,0.596244131455399
0.372611944008469,0.508,0.594847775175644
0.372603037364739,0.508,0.593457943925234
0.37245676611678,0.51,0.594405594405594
0.37157535449334,0.51,0.593023255813954
0.371409561317857,0.51,0.591647331786543
0.37122014984165,0.512,0.592592592592593
0.370869561312898,0.514,0.593533487297921
0.370732449255855,0.514,0.592165898617512
0.37070050943898,0.514,0.590804597701149
0.369829114210879,0.514,0.589449541284404
0.369636716357169,0.514,0.588100686498856
0.369595267543692,0.516,0.589041095890411
0.368865013797678,0.518,0.58997722095672
0.367934247294133,0.518,0.588636363636364
0.367488832194489,0.518,0.587301587301587
0.366828186721464,0.518,0.585972850678733
0.366088360492649,0.52,0.586907449209932
0.365736381232049,0.52,0.585585585585586
0.365641930626221,0.522,0.586516853932584
0.365336469833327,0.522,0.585201793721973
0.364115273487545,0.522,0.583892617449664
0.362302722267135,0.522,0.582589285714286
0.362228440836605,0.522,0.581291759465479
0.362111038830313,0.522,0.58
0.361597584605537,0.524,0.580931263858093
0.361032569418465,0.526,0.581858407079646
0.359917547943367,0.526,0.580573951434879
0.359828515882384,0.526,0.579295154185022
0.359480501938156,0.526,0.578021978021978
0.358712448921587,0.526,0.576754385964912
0.358508403496095,0.528,0.577680525164114
0.358025722629936,0.53,0.578602620087336
0.357925548991526,0.532,0.579520697167756
0.357868016594859,0.532,0.578260869565217
0.357773776825831,0.534,0.579175704989154
0.357301313570236,0.534,0.577922077922078
0.355202080974837,0.536,0.578833693304536
0.355115663147524,0.536,0.577586206896552
0.355020278089689,0.538,0.578494623655914
0.354659617797603,0.538,0.57725321888412
0.354425811956595,0.538,0.576017130620985
0.35377856952693,0.538,0.574786324786325
0.353113188621513,0.538,0.573560767590618
0.352831359154254,0.538,0.572340425531915
0.352608032845085,0.54,0.573248407643312
0.352413565230147,0.54,0.572033898305085
0.351840339261212,0.542,0.572938689217759
0.351833025895063,0.542,0.571729957805907
0.351435630798692,0.542,0.570526315789474
0.351138134872192,0.544,0.571428571428571
0.350398929124415,0.544,0.570230607966457
0.349883179743169,0.544,0.569037656903766
0.349531174103388,0.544,0.567849686847599
0.348256965297074,0.544,0.566666666666667
0.347475844378688,0.546,0.567567567567568
0.346702801826179,0.546,0.566390041493776
0.343702588797685,0.546,0.565217391304348
0.343479181216388,0.548,0.566115702479339
0.343317203075392,0.548,0.564948453608247
0.342998141578186,0.548,0.563786008230453
0.342546822317848,0.55,0.564681724845996
0.342391199544319,0.55,0.563524590163934
0.342219827769545,0.55,0.562372188139059
0.341129502450432,0.552,0.563265306122449
0.340813390926836,0.554,0.564154786150713
0.34029550754747,0.554,0.563008130081301
0.339679513413325,0.556,0.563894523326572
0.339521072280555,0.556,0.562753036437247
0.339294737790484,0.558,0.563636363636364
0.339288770128747,0.558,0.5625
0.339236992064222,0.558,0.561368209255533
0.339025048804929,0.56,0.562248995983936
0.338892912429917,0.56,0.561122244488978
0.338808717871751,0.562,0.562
0.338768128465669,0.562,0.560878243512974
0.337089874018125,0.562,0.559760956175299
0.336893736171888,0.564,0.560636182902585
0.336451418464363,0.564,0.55952380952381
0.335880124516132,0.564,0.558415841584158
0.335330568489635,0.566,0.559288537549407
0.334995566569235,0.568,0.560157790927022
0.333393583375912,0.568,0.559055118110236
0.333362563080034,0.568,0.557956777996071
0.333037061779095,0.568,0.556862745098039
0.332969009709956,0.568,0.555772994129158
0.332722742177132,0.57,0.556640625
0.332429582857378,0.57,0.555555555555556
0.332016441064224,0.572,0.556420233463035
0.331850611796368,0.574,0.557281553398058
0.331505589144218,0.576,0.558139534883721
0.331291994364069,0.576,0.55705996131528
0.331093453896051,0.578,0.557915057915058
0.331035197918541,0.58,0.558766859344894
0.330050438068849,0.582,0.559615384615385
0.330046796944778,0.582,0.558541266794626
0.32998683382905,0.582,0.557471264367816
0.329418829023459,0.584,0.558317399617591
0.329131874575778,0.584,0.557251908396947
0.328887594956979,0.584,0.556190476190476
0.328860122652712,0.584,0.555133079847909
0.327982734213167,0.584,0.554079696394687
0.327616215614095,0.584,0.553030303030303
0.327028635753076,0.586,0.553875236294896
0.326865803080364,0.588,0.554716981132075
0.326310680540661,0.59,0.555555555555556
0.326239125165721,0.59,0.554511278195489
0.325567763859369,0.592,0.555347091932458
0.325160532668946,0.592,0.554307116104869
0.325081630669341,0.592,0.553271028037383
0.324649950999347,0.592,0.552238805970149
0.32393427528095,0.592,0.5512104283054
0.323729774581427,0.592,0.550185873605948
0.323590566798584,0.594,0.551020408163265
0.322780222378487,0.594,0.55
0.322650664943323,0.596,0.55083179297597
0.322616982324112,0.598,0.551660516605166
0.321871064883464,0.598,0.550644567219153
0.320811268650051,0.6,0.551470588235294
0.319671182785544,0.602,0.552293577981651
0.319016922279263,0.602,0.551282051282051
0.31879656431111,0.602,0.550274223034735
0.318675906425812,0.602,0.549270072992701
0.318574523963065,0.604,0.550091074681239
0.31832316450899,0.604,0.549090909090909
0.317809676833337,0.604,0.548094373865699
0.316354101906981,0.604,0.547101449275362
0.316054991732528,0.604,0.546112115732369
0.315930803826919,0.604,0.545126353790614
0.315400198799823,0.604,0.544144144144144
0.31384330552313,0.604,0.543165467625899
0.31321822036744,0.606,0.543985637342908
0.312804530280409,0.606,0.543010752688172
0.312671132929256,0.608,0.543828264758497
0.311025433260497,0.61,0.544642857142857
0.31054642593153,0.61,0.54367201426025
0.310447114172519,0.61,0.54270462633452
0.310125382110769,0.61,0.541740674955595
0.309586038955428,0.61,0.540780141843972
0.309128684466483,0.61,0.539823008849557
0.307811934333196,0.61,0.53886925795053
0.306673439741882,0.61,0.537918871252205
0.306623063218109,0.612,0.538732394366197
0.306379405035578,0.612,0.537785588752197
0.306132474571312,0.612,0.536842105263158
0.306081977462191,0.614,0.537653239929948
0.305984840724862,0.614,0.536713286713287
0.305965342461147,0.614,0.535776614310646
0.303461618521883,0.616,0.536585365853659
0.303302021120938,0.616,0.535652173913043
0.302918479364457,0.618,0.536458333333333
0.30102196580813,0.618,0.535528596187175
0.300901756038121,0.62,0.536332179930796
0.300533317582489,0.622,0.53713298791019
0.29931125585278,0.624,0.537931034482759
0.298308548193733,0.624,0.537005163511188
0.29708997049349,0.626,0.537800687285223
0.296688018924339,0.626,0.536878216123499
0.296346918394884,0.626,0.535958904109589
0.295792338806294,0.626,0.535042735042735
0.295043848888053,0.626,0.534129692832764
0.29502319567944,0.626,0.533219761499148
0.294740175522186,0.626,0.532312925170068
0.294642962715544,0.626,0.531409168081494
0.2942072861649,0.628,0.532203389830509
0.293822703606513,0.628,0.531302876480541
0.293616605577834,0.63,0.532094594594595
0.293491955996864,0.63,0.531197301854975
0.293471914378442,0.63,0.53030303030303
0.293309159559992,0.63,0.529411764705882
0.293246113632742,0.632,0.530201342281879
0.291874785744713,0.634,0.530988274706868
0.291420662769536,0.634,0.530100334448161
0.291308657746825,0.636,0.530884808013356
0.291021035180965,0.636,0.53
0.290936097786635,0.636,0.529118136439268
0.290898250981684,0.636,0.528239202657807
0.290844445135699,0.636,0.527363184079602
0.289933324325901,0.638,0.528145695364238
0.289419790008363,0.64,0.528925619834711
0.289324495793984,0.642,0.52970297029703
0.289059914293289,0.642,0.528830313014827
0.288473414625822,0.644,0.529605263157895
0.288467079045871,0.644,0.528735632183908
0.288048301139286,0.646,0.529508196721311
0.288046289415557,0.648,0.530278232405892
0.287909570023855,0.648,0.529411764705882
0.287484237232838,0.648,0.528548123980424
0.286905182608278,0.65,0.529315960912052
0.285843177719655,0.65,0.528455284552846
0.285034517876234,0.65,0.527597402597403
0.284620554686048,0.65,0.526742301458671
0.282243561925978,0.65,0.52588996763754
0.282033486138915,0.65,0.525040387722132
0.281924802092906,0.65,0.524193548387097
0.28188082000005,0.65,0.523349436392915
0.281866992383002,0.65,0.522508038585209
0.281810982370594,0.65,0.521669341894061
0.281649661517113,0.652,0.522435897435897
0.281113638239619,0.652,0.5216
0.280910740879729,0.652,0.520766773162939
0.280133612682039,0.652,0.51993620414673
0.279691097864056,0.654,0.520700636942675
0.279362954008334,0.654,0.519872813990461
0.278891064177533,0.654,0.519047619047619
0.27877502749114,0.654,0.518225039619651
0.278661132694391,0.654,0.517405063291139
0.278403784307845,0.654,0.516587677725118
0.278104541196385,0.654,0.515772870662461
0.278048753149301,0.654,0.51496062992126
0.278036066149856,0.654,0.514150943396226
0.277872166445789,0.654,0.513343799058085
0.276460962099772,0.656,0.5141065830721
0.276320387721022,0.656,0.513302034428795
0.276223025696516,0.658,0.5140625
0.275643962632343,0.658,0.513260530421217
0.274971084689156,0.66,0.514018691588785
0.273621109109427,0.66,0.513219284603421
0.273588351157222,0.66,0.512422360248447
0.273388727423228,0.662,0.513178294573643
0.273386931993797,0.664,0.513931888544892
0.273096592207583,0.666,0.51468315301391
0.272475144490458,0.666,0.513888888888889
0.271881177512396,0.666,0.513097072419106
0.27142212628721,0.668,0.513846153846154
0.271339517083093,0.668,0.513056835637481
0.271160030644778,0.668,0.512269938650307
0.270408978937854,0.668,0.511485451761103
0.269918384810575,0.67,0.512232415902141
0.269769977836828,0.67,0.511450381679389
0.269593202102316,0.67,0.510670731707317
0.268553041613629,0.67,0.509893455098935
0.267752936119515,0.67,0.509118541033435
0.267159768078521,0.672,0.509863429438543
0.266880074590645,0.672,0.509090909090909
0.266311044452762,0.672,0.508320726172466
0.266246295994979,0.672,0.507552870090634
0.266229210030482,0.674,0.508295625942685
0.265653123043293,0.674,0.507530120481928
0.265375824083204,0.676,0.508270676691729
0.265197243187161,0.678,0.509009009009009
0.26479300649227,0.68,0.509745127436282
0.264567852538385,0.68,0.508982035928144
0.264379225672344,0.68,0.508221225710015
0.264168387691459,0.68,0.507462686567164
0.263667834156581,0.68,0.506706408345753
0.263153396736785,0.682,0.507440476190476
0.262790151118228,0.682,0.506686478454681
0.262096536270418,0.684,0.507418397626113
0.26207035625983,0.684,0.506666666666667
0.2620231423289,0.684,0.505917159763314
0.261747829881915,0.684,0.505169867060561
0.2611569874466,0.686,0.505899705014749
0.260320043711234,0.686,0.505154639175258
0.260282326260142,0.686,0.504411764705882
0.260007979396469,0.688,0.505139500734214
0.25926581016182,0.688,0.504398826979472
0.258840524000438,0.688,0.503660322108346
0.258396748051949,0.69,0.504385964912281
0.258103487114293,0.692,0.505109489051095
0.258017111285016,0.692,0.504373177842566
0.257999072862014,0.692,0.503639010189229
0.257568270399486,0.694,0.504360465116279
0.255716584211103,0.696,0.505079825834543
0.25548487425532,0.696,0.504347826086956
0.254312148497186,0.698,0.50506512301013
0.254041160641547,0.698,0.504335260115607
0.253528241854595,0.698,0.503607503607504
0.253474689796001,0.698,0.502881844380404
0.253250078505292,0.698,0.502158273381295
0.253165025424226,0.698,0.501436781609195
0.252568294893007,0.698,0.500717360114778
0.252356987663841,0.7,0.501432664756447
0.252055200371411,0.7,0.50071530758226
0.251782243030335,0.7,0.5
0.251507735448618,0.702,0.500713266761769
0.251418408700956,0.702,0.5
0.250617937165715,0.702,0.499288762446657
0.250560970917419,0.702,0.498579545454545
0.249902815005876,0.702,0.497872340425532
0.249312671713088,0.704,0.498583569405099
0.248564796058096,0.704,0.497878359264498
0.247589329837891,0.704,0.497175141242938
0.247215874533456,0.704,0.496473906911142
0.246917393460725,0.704,0.495774647887324
0.246762809228513,0.704,0.49507735583685
0.246656935283988,0.704,0.49438202247191
0.2465216402917,0.706,0.495091164095372
0.246444917438796,0.706,0.494397759103641
0.245706593264135,0.708,0.495104895104895
0.245636700565226,0.708,0.494413407821229
0.245347854994493,0.71,0.495118549511855
0.245292439949921,0.71,0.494428969359331
0.245160997995746,0.71,0.493741307371349
0.244671909524028,0.71,0.493055555555556
0.244512673254339,0.712,0.49375866851595
0.244221855896687,0.712,0.493074792243767
0.244197850797978,0.714,0.493775933609959
0.243977745163234,0.714,0.493093922651934
0.243856028326437,0.714,0.492413793103448
0.242409627416302,0.714,0.491735537190083
0.242208410201082,0.716,0.492434662998624
0.241174230915734,0.718,0.493131868131868
0.24096671681294,0.718,0.492455418381344
0.240922745517936,0.718,0.491780821917808
0.240754520479393,0.718,0.491108071135431
0.240280253721403,0.72,0.491803278688525
0.24018553657436,0.72,0.491132332878581
0.240155632583885,0.722,0.491825613079019
0.240105098976308,0.724,0.492517006802721
0.239517249681534,0.724,0.491847826086957
0.239149615800823,0.724,0.491180461329715
0.238993672456059,0.726,0.491869918699187
0.238876263347828,0.726,0.491204330175913
0.238710705641837,0.726,0.490540540540541
0.238696527706131,0.726,0.489878542510121
0.238003042758733,0.726,0.48921832884097
0.23784688902776,0.728,0.489905787348587
0.237512925115954,0.728,0.489247311827957
0.237135378537768,0.73,0.48993288590604
0.236121789422542,0.73,0.489276139410188
0.236074410725279,0.73,0.488621151271754
0.236065377493141,0.732,0.489304812834225
0.235840816683331,0.732,0.488651535380507
0.235456582452523,0.732,0.488
0.235354463854555,0.732,0.487350199733688
0.235078680168659,0.732,0.486702127659574
0.234705943816422,0.732,0.48605577689243
0.234428606653358,0.732,0.485411140583554
0.234029333042692,0.734,0.486092715231788
0.233965008700294,0.734,0.485449735449735
0.233600162308669,0.736,0.486129458388375
0.233134570393397,0.736,0.485488126649077
0.232374917094129,0.736,0.484848484848485
0.231842981310862,0.738,0.485526315789474
0.231757897096501,0.74,0.486202365308804
0.231241062636341,0.74,0.485564304461942
0.23123507239474,0.74,0.484927916120577
0.230685444484879,0.74,0.484293193717277
0.230105397838536,0.742,0.484967320261438
0.229952526993013,0.742,0.484334203655352
0.229804973671504,0.744,0.485006518904824
0.229252204024745,0.744,0.484375
0.22916156973614,0.744,0.483745123537061
0.229138737917464,0.744,0.483116883116883
0.22809213430509,0.744,0.482490272373541
0.228000283822166,0.744,0.481865284974093
0.227881635840189,0.744,0.48124191461837
0.22721151532861,0.744,0.48062015503876
0.226836379616807,0.744,0.48
0.226672046099803,0.744,0.479381443298969
0.226407108990422,0.744,0.478764478764479
0.226143128517072,0.746,0.479434447300771
0.225927545973441,0.748,0.4801026957638
0.225900839673738,0.748,0.47948717948718
0.225552211806068,0.75,0.480153649167734
0.225201948643701,0.75,0.479539641943734
0.224900295647992,0.75,0.478927203065134
0.224735078826427,0.75,0.478316326530612
0.224596517737504,0.75,0.477707006369427
0.224342765002268,0.75,0.477099236641221
0.223599097716403,0.75,0.476493011435832
0.22316132994578,0.75,0.475888324873096
0.223058567360368,0.75,0.475285171102662
0.22261528990577,0.75,0.474683544303797
0.222328380955775,0.75,0.474083438685209
0.221945705095369,0.75,0.473484848484849
0.221095492067167,0.752,0.474148802017654
0.220867257561586,0.752,0.473551637279597
0.220439476119401,0.752,0.472955974842767
0.220242368400596,0.752,0.472361809045226
0.219829066023402,0.754,0.473023839397742
0.218830489850855,0.754,0.472431077694236
0.218351490553289,0.754,0.471839799749687
0.217782034651315,0.754,0.47125
0.217666853422674,0.756,0.471910112359551
0.217346346461896,0.756,0.471321695760599
0.217264948219803,0.756,0.470734744707347
0.217133321672044,0.758,0.471393034825871
0.216535733602642,0.758,0.470807453416149
0.216372455194969,0.758,0.470223325062035
0.216159482450365,0.758,0.469640644361834
0.215969737004118,0.758,0.469059405940594
0.214297836760509,0.758,0.468479604449938
0.214139635992882,0.76,0.469135802469136
0.214085226351896,0.76,0.468557336621455
0.213592763177468,0.76,0.467980295566502
0.213522000273809,0.76,0.46740467404674
0.213435429384356,0.76,0.466830466830467
0.21286731125318,0.76,0.466257668711656
0.212643697139003,0.76,0.465686274509804
0.212375097212218,0.76,0.465116279069767
0.21202107832384,0.76,0.464547677261614
0.211817757626212,0.76,0.463980463980464
0.211580165647459,0.76,0.463414634146341
0.211280495188033,0.76,0.46285018270402
0.211090605061082,0.76,0.462287104622871
0.210539538992271,0.76,0.461725394896719
0.210113850830059,0.76,0.461165048543689
0.209902539044521,0.76,0.460606060606061
0.20984567771096,0.762,0.461259079903148
0.208612982807454,0.762,0.460701330108827
0.208470534180858,0.764,0.461352657004831
0.20844584057545,0.764,0.460796139927624
0.208363240744619,0.764,0.460240963855422
0.208048416206651,0.764,0.459687123947052
0.207491272332089,0.764,0.459134615384615
0.207006603522825,0.764,0.458583433373349
0.205789550869597,0.764,0.458033573141487
0.205515034567253,0.766,0.458682634730539
0.205031047974771,0.766,0.458133971291866
0.204789855650111,0.766,0.457586618876941
0.204644620082394,0.768,0.458233890214797
0.204135801370904,0.768,0.457687723480334
0.203697446602481,0.768,0.457142857142857
0.203681417604464,0.77,0.457788347205707
0.203559025062082,0.77,0.457244655581948
0.203329472465289,0.77,0.456702253855279
0.202851072191462,0.772,0.457345971563981
0.20076548795982,0.772,0.456804733727811
0.200675613461869,0.772,0.456264775413712
0.200320355774331,0.772,0.455726092089728
0.200045018493553,0.772,0.455188679245283
0.200034549763277,0.772,0.454652532391048
0.19942483019041,0.772,0.454117647058824
0.199170606918472,0.772,0.45358401880141
0.198347768582129,0.772,0.453051643192488
0.197843514994563,0.772,0.452520515826495
0.196864871758679,0.772,0.451990632318501
0.196694920004147,0.774,0.452631578947368
0.195589808101419,0.774,0.452102803738318
0.195088091159117,0.774,0.451575262543757
0.193760397302305,0.776,0.452214452214452
0.193205841234291,0.776,0.451688009313155
0.192765969769044,0.776,0.451162790697674
0.192585575761821,0.776,0.450638792102207
0.192576080976421,0.776,0.450116009280742
0.19243233301617,0.778,0.450753186558517
0.192419667983969,0.778,0.450231481481481
0.192385661332755,0.778,0.44971098265896
0.192216996755785,0.778,0.44919168591224
0.191802040471449,0.778,0.448673587081892
0.191380140248929,0.778,0.44815668202765
0.191217436995767,0.778,0.447640966628308
0.191184415797061,0.778,0.447126436781609
0.190350666794545,0.778,0.446613088404133
0.189905190485714,0.778,0.446100917431193
0.189867074284446,0.778,0.445589919816724
0.189313819570519,0.778,0.445080091533181
0.188865657567523,0.778,0.444571428571429
0.188642816271144,0.778,0.444063926940639
0.188284955352438,0.78,0.444697833523375
0.188260442244509,0.78,0.444191343963554
0.188024573363648,0.78,0.443686006825939
0.187993719187313,0.78,0.443181818181818
0.18766055375699,0.782,0.443813847900114
0.18750733309559,0.784,0.444444444444444
0.185938619617705,0.786,0.445073612684032
0.185620495212185,0.786,0.444570135746606
0.185589604130424,0.786,0.444067796610169
0.185501637706838,0.786,0.443566591422122
0.185470053046521,0.786,0.443066516347238
0.185146558383249,0.786,0.442567567567568
0.184865147254108,0.786,0.44206974128234
0.184838275231814,0.786,0.441573033707865
0.183863266584753,0.786,0.441077441077441
0.183859058858783,0.786,0.440582959641256
0.183812203214655,0.786,0.440089585666293
0.183729714363195,0.786,0.439597315436242
0.183439029108652,0.788,0.440223463687151
0.183434922788263,0.788,0.439732142857143
0.183288268356086,0.788,0.439241917502787
0.182535729352322,0.79,0.439866369710468
0.182323003412365,0.792,0.440489432703003
0.181939510624507,0.792,0.44
0.18167598081282,0.792,0.439511653718091
0.181636835123311,0.792,0.439024390243902
0.180824822645919,0.792,0.438538205980066
0.180749182894767,0.794,0.439159292035398
0.180549654432461,0.794,0.438674033149171
0.180009134913454,0.794,0.438189845474614
0.179584845286932,0.794,0.437706725468578
0.179018133736377,0.794,0.437224669603524
0.178984459166393,0.796,0.437843784378438
0.178949220083168,0.796,0.437362637362637
0.178887036426844,0.796,0.436882546652031
0.178191870477228,0.796,0.43640350877193
0.177952750976066,0.798,0.437020810514786
0.177807857656974,0.798,0.436542669584245
0.177788080004447,0.798,0.436065573770492
0.177483405937756,0.798,0.435589519650655
0.177472001197182,0.798,0.435114503816794
0.177428311980337,0.8,0.435729847494553
0.177025985032691,0.8,0.43525571273123
0.17653891077985,0.8,0.434782608695652
0.17640373937874,0.8,0.434310532030402
0.176086452821992,0.8,0.433839479392625
0.176036878056246,0.8,0.433369447453955
0.175980509759177,0.8,0.432900432900433
0.175885134314173,0.8,0.432432432432432
0.17562678707275,0.8,0.431965442764579
0.175599168402535,0.8,0.431499460625674
0.175453484797649,0.8,0.431034482758621
0.175440774293112,0.8,0.430570505920344
0.175414237801336,0.8,0.43010752688172
0.175018511168466,0.8,0.429645542427497
0.174909850725286,0.802,0.430257510729614
0.174691718774705,0.802,0.429796355841372
0.174641243499722,0.802,0.429336188436831
0.174567739471749,0.802,0.428877005347594
0.174118305685222,0.802,0.428418803418803
0.174107144856863,0.802,0.427961579509071
0.173835726703194,0.802,0.427505330490405
0.173722071338312,0.802,0.427050053248136
0.173612484753058,0.802,0.426595744680851
0.173542602013537,0.802,0.426142401700319
0.173451632806321,0.802,0.425690021231423
0.173035695812633,0.802,0.425238600212089
0.172904988007486,0.802,0.42478813559322
0.17224205788671,0.804,0.425396825396825
0.17205761459694,0.806,0.42600422832981
0.172042234259481,0.808,0.426610348468849
0.171362089612296,0.808,0.426160337552743
0.170822923401207,0.81,0.426765015806112
0.170530858126833,0.81,0.426315789473684
0.170422085538213,0.81,0.425867507886435
0.170148408923483,0.812,0.426470588235294
0.169921408368145,0.812,0.426023084994753
0.169624482551844,0.812,0.425576519916143
0.168340767387814,0.812,0.425130890052356
0.168240143668075,0.812,0.424686192468619
0.168014165714259,0.812,0.424242424242424
0.167535255565901,0.812,0.423799582463466
0.167142630161957,0.812,0.423357664233577
0.166849065903758,0.812,0.422916666666667
0.166670978128414,0.812,0.422476586888658
0.166403148083001,0.812,0.422037422037422
0.165746904965259,0.812,0.421599169262721
0.165651945869541,0.812,0.421161825726141
0.165455638492453,0.812,0.420725388601036
0.165361702736245,0.814,0.421325051759834
0.165353407866369,0.816,0.421923474663909
0.164850354729247,0.816,0.421487603305785
0.164680521069607,0.818,0.422084623323013
0.163772784769036,0.818,0.421649484536082
0.163448374487922,0.82,0.422245108135942
0.16337218161838,0.82,0.421810699588477
0.163223926499761,0.82,0.421377183967112
0.163115778552276,0.82,0.420944558521561
0.162656256231702,0.82,0.420512820512821
0.162423868791624,0.82,0.420081967213115
0.162320715337229,0.82,0.419651995905834
0.162309564209719,0.82,0.419222903885481
0.162267296442612,0.82,0.41879468845761
0.162244707153985,0.82,0.418367346938776
0.162080903541256,0.82,0.417940876656473
0.161926527461276,0.82,0.417515274949084
0.161598625670257,0.822,0.418107833163784
0.161227809073832,0.824,0.41869918699187
0.161208751544159,0.824,0.418274111675127
0.161139888336849,0.824,0.417849898580122
0.160886427319588,0.824,0.41742654508612
0.160787404647878,0.824,0.417004048582996
0.160756792136616,0.826,0.417593528816987
0.1604477144349,0.828,0.418181818181818
0.160441386632414,0.83,0.418768920282543
0.160155573667857,0.83,0.418346774193548
0.159492578827504,0.83,0.417925478348439
0.159113006067601,0.832,0.41851106639839
0.159075169689109,0.834,0.419095477386935
0.158994167096632,0.834,0.418674698795181
0.158785872779014,0.834,0.418254764292879
0.158193169878188,0.834,0.417835671342685
0.158182663397533,0.834,0.417417417417417
0.157993720219242,0.834,0.417
0.157848338120349,0.834,0.416583416583417
0.157615186441581,0.834,0.416167664670659
0.157534015861337,0.836,0.416749750747757
0.157465982689231,0.836,0.416334661354582
0.157237632848238,0.838,0.416915422885572
0.157199888263509,0.84,0.417495029821074
0.156649569145508,0.84,0.41708043694141
0.156374460883983,0.84,0.416666666666667
0.156048891333882,0.842,0.417244796828543
0.155978259685743,0.842,0.416831683168317
0.155676363499857,0.844,0.417408506429278
0.154655846130405,0.844,0.41699604743083
0.154399559395376,0.844,0.416584402764067
0.15402481718118,0.844,0.416173570019724
0.153896870883622,0.844,0.41576354679803
0.153572027351276,0.844,0.415354330708661
0.152878519747862,0.844,0.414945919370698
0.152863120163752,0.846,0.415520628683693
0.152509095021773,0.848,0.416094210009814
0.152389860546852,0.848,0.415686274509804
0.152148690129181,0.848,0.415279138099902
0.152041211613308,0.848,0.414872798434442
0.151967729918708,0.848,0.414467253176931
0.151290660891761,0.848,0.4140625
0.1510767271682,0.85,0.414634146341463
0.151046702065077,0.852,0.415204678362573
0.150484365392111,0.852,0.414800389483934
0.150401797351709,0.852,0.414396887159533
0.150352703065125,0.852,0.41399416909621
0.150053769943588,0.852,0.413592233009709
0.149481361114828,0.852,0.413191076624636
0.149421821324846,0.852,0.412790697674419
0.149232708755355,0.852,0.412391093901258
0.148847986095671,0.852,0.411992263056093
0.148584672126569,0.852,0.411594202898551
0.148287061874032,0.854,0.412162162162162
0.148251458156682,0.854,0.411764705882353
0.148022399818313,0.854,0.411368015414258
0.147802389175729,0.854,0.410972088546679
0.147249049079336,0.854,0.410576923076923
0.147166891380436,0.854,0.410182516810759
0.14707389461961,0.856,0.410748560460653
0.147026532272095,0.856,0.410354745925216
0.146548155554206,0.858,0.410919540229885
0.146290188757377,0.858,0.410526315789474
0.145590132540021,0.858,0.410133843212237
0.145578946394865,0.858,0.40974212034384
0.145526066779335,0.858,0.409351145038168
0.145507020959887,0.858,0.408960915157293
0.14526896415684,0.858,0.408571428571429
0.144652807441963,0.858,0.408182683158896
0.14437093421307,0.858,0.407794676806084
0.14396380581684,0.858,0.407407407407407
0.143231412762409,0.858,0.407020872865275
0.143108963900008,0.858,0.406635071090047
0.143060675614452,0.858,0.40625
0.142973505653536,0.858,0.405865657521287
0.142917368148056,0.858,0.405482041587902
0.14288741840243,0.858,0.405099150141643
0.142699228351808,0.858,0.404716981132075
0.142300808000405,0.858,0.404335532516494
0.142261503445913,0.858,0.403954802259887
0.142233873544801,0.858,0.403574788334901
0.142229914992825,0.858,0.403195488721804
0.14165592841572,0.858,0.402816901408451
0.141619876083696,0.858,0.402439024390244
0.141617513378586,0.858,0.402061855670103
0.141236380508968,0.858,0.401685393258427
0.141171144437927,0.858,0.401309635173059
0.141059993475282,0.858,0.400934579439252
0.140712011721856,0.858,0.400560224089636
0.140320996568676,0.858,0.400186567164179
0.140259916520106,0.858,0.399813606710158
0.140113396503637,0.858,0.399441340782123
0.14010405214453,0.858,0.39906976744186
0.140011001552131,0.858,0.398698884758364
0.139765992684116,0.86,0.399257195914578
0.139514214091545,0.86,0.398886827458256
0.139440825629712,0.86,0.398517145505097
0.139379526306519,0.86,0.398148148148148
0.139053296292516,0.86,0.397779833487512
0.138910156094781,0.86,0.397412199630314
0.138361900903037,0.86,0.397045244690674
0.138361246748909,0.86,0.396678966789668
0.138311905950456,0.86,0.3963133640553
0.138075462892425,0.86,0.395948434622468
0.137966864594428,0.862,0.396504139834407
0.137737751700859,0.862,0.396139705882353
0.137722092491134,0.862,0.395775941230487
0.137134590775447,0.864,0.396330275229358
0.136613365978932,0.864,0.395967002749771
0.136019817977692,0.864,0.395604395604396
0.135920752907592,0.864,0.395242451967063
0.135894495756432,0.864,0.394881170018282
0.135838130556188,0.864,0.394520547945205
0.135407070463659,0.864,0.394160583941606
0.135230845525872,0.864,0.39380127620784
0.134862931365911,0.864,0.39344262295082
0.13457424860113,0.866,0.393994540491356
0.134057639318601,0.866,0.393636363636364
0.133793395861065,0.866,0.393278837420527
0.133698994742411,0.866,0.392921960072595
0.133048302208998,0.866,0.392565729827743
0.132760715249394,0.866,0.392210144927536
0.132301498649218,0.866,0.391855203619909
0.13208749847582,0.866,0.391500904159132
0.131301012353884,0.866,0.391147244805781
0.131280444566319,0.868,0.391696750902527
0.131229006707243,0.868,0.391343552750225
0.130260878762845,0.868,0.390990990990991
0.130239483474921,0.87,0.391539153915392
0.129990849813762,0.87,0.391187050359712
0.129980361981228,0.87,0.390835579514825
0.129518899606152,0.87,0.39048473967684
0.129471728513557,0.87,0.390134529147982
0.129345841146551,0.87,0.389784946236559
0.128727708491522,0.872,0.390331244404655
0.128660352155812,0.872,0.389982110912343
0.128618716362838,0.872,0.389633601429848
0.128539773301074,0.872,0.389285714285714
0.128522003135244,0.872,0.388938447814451
0.128262127460001,0.874,0.389483065953654
0.128221071056444,0.874,0.38913624220837
0.128058405044069,0.874,0.388790035587189
0.127320599656772,0.874,0.388444444444444
0.127235137801915,0.874,0.38809946714032
0.127166603680441,0.874,0.387755102040816
0.127141781109478,0.874,0.38741134751773
0.126930404616729,0.874,0.387068201948627
0.126728715178983,0.874,0.386725663716814
0.126662975558433,0.874,0.386383731211317
0.126513593914929,0.874,0.386042402826855
0.126462734257248,0.874,0.385701676963813
0.126395874819371,0.874,0.385361552028219
0.126044338402163,0.874,0.385022026431718
0.125962897365903,0.874,0.384683098591549
0.125938846369746,0.874,0.384344766930519
0.125887330390995,0.874,0.384007029876977
0.125535160263456,0.874,0.383669885864794
0.125142718660087,0.874,0.383333333333333
0.124904027723485,0.874,0.382997370727432
0.124802573625655,0.874,0.382661996497373
0.124682570582925,0.874,0.382327209098863
0.124614332986274,0.874,0.381993006993007
0.124380238483385,0.874,0.381659388646288
0.124328444227999,0.874,0.381326352530541
0.123557940936945,0.874,0.380993897122929
0.123262610633284,0.876,0.381533101045296
0.12309121130821,0.876,0.381201044386423
0.122987674421962,0.876,0.380869565217391
0.122782574466432,0.876,0.380538662033015
0.122657009746338,0.876,0.380208333333333
0.122241467682549,0.876,0.379878577623591
0.122139705800843,0.876,0.379549393414211
0.121916824983905,0.876,0.379220779220779
0.121283742196743,0.876,0.378892733564014
0.12127860115869,0.876,0.378565254969749
0.121198461993235,0.876,0.378238341968912
0.121169978222777,0.876,0.377911993097498
0.12115678370783,0.876,0.377586206896552
0.12097674139036,0.876,0.377260981912145
0.120957439454301,0.876,0.376936316695353
0.120935752087002,0.878,0.377472055030095
0.120870413563783,0.88,0.378006872852234
0.120866432949653,0.88,0.377682403433476
0.120819466963468,0.88,0.377358490566038
0.120618814404898,0.88,0.377035132819195
0.120429365393787,0.88,0.376712328767123
0.120251167320431,0.88,0.376390076988879
0.120102033319215,0.882,0.376923076923077
0.119629105027044,0.882,0.376601195559351
0.119036863697465,0.884,0.377133105802048
0.11892539643143,0.884,0.376811594202899
0.118913492722493,0.884,0.37649063032368
0.118722992385739,0.886,0.377021276595745
0.118688300361196,0.886,0.376700680272109
0.118621497399091,0.888,0.377230246389125
0.118159371601077,0.888,0.376910016977929
0.117892303520176,0.888,0.376590330788804
0.117542982167971,0.888,0.376271186440678
0.117476785426607,0.89,0.376799322607959
0.117450496985173,0.89,0.376480541455161
0.117210219120482,0.892,0.377007607776839
0.116998580646715,0.892,0.376689189189189
0.116607158315264,0.892,0.376371308016878
0.115802162257059,0.892,0.376053962900506
0.115797290963478,0.892,0.375737152485257
0.115689052711755,0.894,0.376262626262626
0.115662320666033,0.894,0.375946173254836
0.115566751723437,0.894,0.37563025210084
0.115453853038253,0.894,0.375314861460957
0.115424249365213,0.894,0.375
0.115394229778889,0.894,0.374685666387259
0.115004423118395,0.894,0.374371859296482
0.114696620492866,0.894,0.374058577405858
0.114626107209794,0.894,0.373745819397993
0.114370026668084,0.894,0.3734335839599
0.11425284950644,0.894,0.373121869782972
0.114118235648135,0.894,0.372810675562969
0.113966454860747,0.894,0.3725
0.11361364644542,0.894,0.372189841798501
0.113543631659049,0.894,0.371880199667221
0.113467955323871,0.894,0.371571072319202
0.113333536604546,0.894,0.371262458471761
0.113325355407398,0.894,0.370954356846473
0.112780480999974,0.894,0.370646766169154
0.112744587042415,0.894,0.370339685169843
0.112687567806973,0.894,0.370033112582781
0.112318322609989,0.894,0.369727047146402
0.112046904640203,0.894,0.369421487603306
0.111916187926809,0.894,0.369116432700248
0.111811856265966,0.894,0.368811881188119
0.111745370729021,0.894,0.368507831821929
0.111454987052207,0.894,0.368204283360791
0.111376906510408,0.894,0.367901234567901
0.111176863817569,0.894,0.367598684210526
0.111133344038678,0.894,0.367296631059984
0.110793017858396,0.894,0.366995073891626
0.109796729288521,0.894,0.366694011484824
0.109613052855793,0.894,0.366393442622951
0.1090786610636,0.894,0.366093366093366
0.108871619071278,0.894,0.365793780687398
0.10886319949866,0.894,0.365494685200327
0.108388653431253,0.894,0.365196078431373
0.108332763583589,0.894,0.364897959183673
0.107918229362309,0.894,0.364600326264274
0.107737680158052,0.894,0.364303178484108
0.107645162584352,0.894,0.36400651465798
0.107115744562289,0.894,0.363710333604557
0.107111114249133,0.894,0.363414634146341
0.107028227219665,0.894,0.363119415109667
0.106988431938817,0.894,0.362824675324675
0.106971866233677,0.894,0.362530413625304
0.106493272415542,0.896,0.363047001620746
0.106372756951364,0.896,0.362753036437247
0.106338396316731,0.896,0.362459546925566
0.10620926041384,0.898,0.362974939369442
0.10599823054796,0.898,0.362681744749596
0.105703586124743,0.898,0.362389023405973
0.105295401549247,0.898,0.362096774193548
0.10524485949768,0.9,0.362610797743755
0.104890022116638,0.9,0.36231884057971
0.104820112487759,0.9,0.362027353177796
0.10468868178264,0.9,0.361736334405145
0.104635343893561,0.9,0.36144578313253
0.104631870222982,0.902,0.361958266452649
0.104617424304298,0.902,0.361668003207698
0.104542657892977,0.902,0.361378205128205
0.104357497212522,0.902,0.361088871096877
0.104073805346543,0.902,0.3608
0.103744439484934,0.902,0.360511590727418
0.103707816047776,0.902,0.360223642172524
0.103569092080661,0.904,0.36073423782921
0.103460736910036,0.904,0.360446570972887
0.103381532759174,0.904,0.360159362549801
0.103359170175759,0.904,0.359872611464968
0.103264124560008,0.904,0.359586316626889
0.103111193442227,0.904,0.359300476947536
0.102980546136552,0.904,0.359015091342335
0.102829843982067,0.904,0.358730158730159
0.102661182121664,0.904,0.358445678033307
0.102622265837411,0.904,0.358161648177496
0.102440339959981,0.906,0.358669833729216
0.102099944580009,0.906,0.358386075949367
0.101922416416648,0.906,0.358102766798419
0.101542930721985,0.906,0.35781990521327
0.101483127702084,0.906,0.357537490134175
0.101246093674018,0.906,0.357255520504732
0.101018784082476,0.906,0.356973995271868
0.10081491858302,0.906,0.356692913385827
0.100597100636297,0.906,0.356412273800157
0.100495920154448,0.906,0.356132075471698
0.100461128822412,0.906,0.355852317360566
0.100237501009797,0.906,0.355572998430141
0.100105895454093,0.906,0.355294117647059
0.100040437666278,0.906,0.355015673981191
0.0999921021163792,0.906,0.354737666405638
0.0997865516037798,0.906,0.354460093896714
0.0996731143814987,0.906,0.354182955433933
0.0992856639641744,0.906,0.35390625
0.0992396203341775,0.906,0.353629976580796
0.099227166136462,0.906,0.353354134165367
0.0991634112894295,0.906,0.353078721745908
0.0989644627736963,0.906,0.352803738317757
0.0985068170088306,0.906,0.352529182879377
0.0983756918622172,0.906,0.352255054432348
0.098263987684044,0.906,0.351981351981352
0.0982095825536986,0.906,0.351708074534161
0.0981935468994888,0.906,0.351435221101629
0.0977420410643527,0.906,0.351162790697674
0.0975014227297678,0.906,0.350890782339272
0.0974411744080258,0.906,0.35061919504644
0.0967504899880208,0.906,0.350348027842227
0.0962548704294915,0.906,0.350077279752705
0.096012340805884,0.906,0.34980694980695
0.0959869068771773,0.906,0.349537037037037
0.0959594584741114,0.906,0.349267540478026
0.0957903230303353,0.906,0.348998459167951
0.0957406964159178,0.906,0.348729792147806
0.095648241138717,0.906,0.348461538461538
0.0956346082872561,0.906,0.348193697156034
0.0955302702119961,0.906,0.347926267281106
0.0952526907402427,0.906,0.347659247889486
0.0952101159121863,0.906,0.34739263803681
0.095006386766876,0.906,0.347126436781609
0.0948659008395353,0.906,0.346860643185299
0.0947647644613846,0.906,0.346595256312165
0.094599419798338,0.908,0.347094801223242
0.0945230073511626,0.908,0.346829640947288
0.0944209652144098,0.908,0.346564885496183
0.09441613314608,0.908,0.346300533943555
0.0940974408211488,0.908,0.346036585365854
0.0940643152112704,0.908,0.345773038842346
0.0936469580559306,0.91,0.346270928462709
0.0935263508400797,0.91,0.346007604562738
0.0933479030906841,0.91,0.345744680851064
0.0932849687585284,0.91,0.345482156416097
0.0930994662720551,0.91,0.345220030349014
0.0929052257169789,0.91,0.344958301743745
0.0928346641504294,0.91,0.34469696969697
0.0926282030350738,0.912,0.345193035579107
0.0923416581836963,0.912,0.344931921331316
0.0922169262883693,0.912,0.344671201814059
0.0912813678883495,0.914,0.345166163141994
0.0912479895503458,0.914,0.344905660377358
0.0911966629180625,0.914,0.344645550527903
0.0910528780718685,0.916,0.345139412207988
0.0910381635941744,0.916,0.344879518072289
0.0909069181689102,0.918,0.345372460496614
0.0907298925877738,0.918,0.345112781954887
0.0903909192044687,0.918,0.344853493613824
0.0903708000313454,0.918,0.344594594594595
0.0902821597173327,0.918,0.344336084021005
0.0902244286808928,0.918,0.34407796101949
0.0901131044615317,0.918,0.343820224719101
0.0900513045896384,0.918,0.343562874251497
0.0899992861961856,0.918,0.343305908750935
0.0898786106395221,0.918,0.34304932735426
0.0898198070823277,0.918,0.342793129200896
0.08948886943754,0.918,0.342537313432836
0.0894004906350082,0.918,0.342281879194631
0.0893072654458357,0.918,0.342026825633383
0.0892163961029926,0.918,0.341772151898734
0.0891625836437727,0.918,0.341517857142857
0.0890237177723945,0.918,0.341263940520446
0.0889540548794619,0.918,0.341010401188707
0.0885877443641769,0.918,0.34075723830735
0.0883285589231272,0.918,0.340504451038576
0.0880994848036195,0.918,0.340252038547072
0.0870823094958429,0.918,0.34
0.086534011435554,0.918,0.339748334566987
0.086468845295129,0.918,0.339497041420118
0.086274126846181,0.918,0.339246119733925
0.086121393328482,0.918,0.338995568685377
0.0857238770656721,0.918,0.338745387453875
0.0855755849436393,0.918,0.338495575221239
0.0854276981216814,0.918,0.338246131171702
0.0852594963604956,0.918,0.3379970544919
0.0850303639397267,0.918,0.337748344370861
0.0850199681680842,0.918,0.3375
0.0849985209591799,0.918,0.337252020573108
0.0848802791413636,0.918,0.337004405286344
0.0846001249379214,0.918,0.336757153338224
0.0845638726855735,0.918,0.336510263929619
0.0844423752767165,0.918,0.336263736263736
0.0843592433923677,0.918,0.33601756954612
0.0840189681912783,0.918,0.335771762984638
0.0839772386797358,0.918,0.335526315789474
0.0839464280753816,0.918,0.335281227173119
0.0838376061648666,0.918,0.335036496350365
0.0837754115862581,0.918,0.334792122538293
0.0833499577248895,0.918,0.334548104956268
0.0831100997050371,0.918,0.334304442825929
0.0829782506750597,0.92,0.334788937409025
0.0828044265855457,0.92,0.334545454545455
0.0826978835547193,0.92,0.334302325581395
0.0826962372583328,0.92,0.334059549745824
0.0825644411926551,0.92,0.333817126269956
0.0824136809798154,0.92,0.333575054387237
0.082360449424372,0.92,0.333333333333333
0.0819911308157136,0.92,0.333091962346126
0.0818301296971456,0.92,0.332850940665702
0.0817722539527155,0.92,0.332610267534346
0.0817690366335944,0.92,0.332369942196532
0.0816079717612243,0.92,0.332129963898917
0.0815869663929401,0.92,0.331890331890332
0.0815100365438824,0.92,0.331651045421774
0.0813433986084099,0.922,0.332132564841499
0.0810691262264407,0.922,0.331893448524118
0.0810284757412713,0.922,0.331654676258993
0.0808515568852009,0.922,0.331416247304098
0.0807822705085885,0.922,0.33117816091954
0.0805629070373977,0.922,0.330940416367552
0.0805084641215091,0.922,0.330703012912482
0.0802046640825518,0.922,0.330465949820789
0.0798865812336292,0.922,0.330229226361032
0.0798645871801282,0.922,0.329992841803865
0.079818978586799,0.922,0.329756795422031
0.0797833388802641,0.922,0.32952108649035
0.0796879635508582,0.922,0.329285714285714
0.0795753350687372,0.922,0.329050678087081
0.0792170315507703,0.922,0.328815977175464
0.0790750365515617,0.922,0.328581610833927
0.0785413227031295,0.922,0.328347578347578
0.0785208310179436,0.922,0.328113879003559
0.0784624416144404,0.922,0.327880512091038
0.0782357400876085,0.922,0.327647476901208
0.0782124843152863,0.922,0.327414772727273
0.0781836952775643,0.922,0.327182398864443
0.0781107041503075,0.922,0.326950354609929
0.0780775197543654,0.922,0.326718639262934
0.0779272951966129,0.922,0.326487252124646
0.0778267829998563,0.922,0.326256192498231
0.077658288718353,0.924,0.326732673267327
0.0776277404282568,0.924,0.326501766784452
0.0774891266140705,0.926,0.326977401129944
0.0774599946875972,0.926,0.326746647847565
0.0774343393970389,0.926,0.326516220028209
0.077382100746225,0.926,0.326286116983791
0.0773284898704745,0.926,0.326056338028169
0.0770044399555509,0.926,0.325826882477129
0.0767781453582711,0.926,0.325597749648383
0.0766550517407107,0.926,0.32536893886156
0.0764797470252171,0.926,0.325140449438202
0.0762016413217151,0.926,0.324912280701754
0.0761336441918319,0.926,0.32468443197756
0.0755321587676135,0.926,0.324456902592852
0.0754910114625717,0.926,0.324229691876751
0.0753657795988211,0.926,0.324002799160252
0.0753616736783372,0.926,0.323776223776224
0.0753191314274328,0.926,0.323549965059399
0.0753106289038029,0.926,0.323324022346369
0.0751787130265587,0.928,0.323796231681786
0.0750681494455509,0.928,0.323570432357043
0.0750266708375217,0.93,0.32404181184669
0.0749220343782501,0.93,0.323816155988858
0.0746140371269608,0.93,0.323590814196242
0.0745247031295489,0.93,0.32336578581363
0.0744925276764027,0.93,0.32314107018763
0.0744369286710985,0.93,0.322916666666667
0.0744162392344576,0.93,0.322692574600972
0.0744134712858605,0.93,0.32246879334258
0.0742234683443201,0.932,0.322938322938323
0.0741841828281331,0.932,0.322714681440443
0.0738443139329432,0.932,0.322491349480969
0.0738440300824559,0.932,0.322268326417704
0.0736146680336749,0.932,0.322045611610228
0.073592165183149,0.932,0.321823204419889
0.0735538924914236,0.932,0.3216011042098
0.0735516297989933,0.932,0.321379310344828
0.073269001615392,0.932,0.321157822191592
0.0732026062750432,0.932,0.320936639118457
0.0731200233005566,0.932,0.320715760495526
0.0729101900749479,0.932,0.320495185694635
0.0728875707373853,0.932,0.320274914089347
0.0728785280625357,0.932,0.320054945054945
0.0727720473562628,0.932,0.319835277968428
0.07275892332688,0.932,0.319615912208505
0.0723175363761136,0.932,0.319396847155586
0.07206392658682,0.932,0.319178082191781
0.0720163446573893,0.932,0.31895961670089
0.0719757582193107,0.932,0.318741450068399
0.0719134310764014,0.932,0.318523581681476
0.071901389992252,0.932,0.318306010928962
0.0718764002018889,0.932,0.318088737201365
0.0716752017600131,0.932,0.317871759890859
0.071520881255757,0.932,0.317655078391275
0.0715067592338485,0.932,0.317438692098093
0.0714626234119349,0.932,0.317222600408441
0.0714527259007842,0.932,0.317006802721088
0.0714167576091889,0.932,0.316791298436438
0.0712498867923679,0.932,0.316576086956522
0.0711349283182811,0.932,0.316361167684997
0.0710872774586469,0.932,0.316146540027137
0.0710180052362178,0.932,0.315932203389831
0.0706958326263266,0.932,0.315718157181572
0.0704110379856442,0.932,0.315504400812458
0.0703010364570868,0.932,0.315290933694181
0.0701955001683321,0.932,0.315077755240027
0.0701725054151375,0.932,0.314864864864865
0.0701600099483127,0.932,0.314652261985145
0.0701529581090479,0.932,0.314439946018893
0.0696139406164012,0.932,0.314227916385705
0.0695578245483121,0.932,0.314016172506739
0.0694524163861642,0.932,0.313804713804714
0.0694414797715885,0.934,0.314266487213997
0.0694130024964219,0.934,0.314055144586416
0.0693217100775206,0.934,0.313844086021505
0.0692785458066126,0.934,0.313633310946944
0.0692630988590027,0.934,0.313422818791946
0.0691683771801746,0.934,0.313212608987257
0.0686772387888261,0.934,0.313002680965147
0.0685269208465589,0.934,0.312793034159411
0.0682093250813418,0.934,0.312583668005355
0.0681378226317777,0.934,0.312374581939799
0.0679380110686373,0.934,0.31216577540107
0.0678996709488136,0.934,0.311957247828991
0.0678636916685986,0.934,0.311748998664887
0.0677519177271189,0.934,0.311541027351568
0.0674522469771174,0.934,0.311333333333333
0.0673589550833453,0.934,0.311125916055963
0.0673576101263938,0.934,0.310918774966711
0.0673511712429225,0.934,0.310711909514305
0.0672529877123786,0.934,0.310505319148936
0.0672217680372294,0.934,0.310299003322259
0.0671062429661648,0.934,0.310092961487384
0.067029751002432,0.934,0.309887193098872
0.0669870400359318,0.934,0.309681697612732
0.06692309788439,0.934,0.309476474486415
0.066853661216711,0.934,0.309271523178808
0.0668312095669857,0.934,0.309066843150232
0.0667614659312749,0.934,0.308862433862434
0.066685545824926,0.934,0.308658294778586
0.0666263242205858,0.936,0.309114927344782
0.06650447840468,0.936,0.308910891089109
0.066462611960032,0.936,0.308707124010554
0.0664432810842458,0.936,0.308503625576796
0.0663041269888141,0.936,0.308300395256917
0.0661913344719207,0.936,0.308097432521396
0.0661382982385761,0.936,0.307894736842105
0.066100158271515,0.936,0.307692307692308
0.0658515216663769,0.936,0.307490144546649
0.0657721179067259,0.938,0.307944845699278
0.0653146764016605,0.938,0.307742782152231
0.0652731963952672,0.938,0.307540983606557
0.0651259326959332,0.938,0.307339449541284
0.0649808559307123,0.938,0.307138179436804
0.0648843443128385,0.938,0.306937172774869
0.0648354493353309,0.938,0.306736429038587
0.0646694398773988,0.938,0.306535947712418
0.0642398788374477,0.938,0.306335728282169
0.0641965553396066,0.938,0.306135770234987
0.0641570164643549,0.938,0.305936073059361
0.0641447506729519,0.938,0.305736636245111
0.0640994383186586,0.938,0.305537459283388
0.0640880822770609,0.938,0.305338541666667
0.0640748322282862,0.938,0.305139882888744
0.0640642555217932,0.938,0.304941482444733
0.0640185153805129,0.938,0.304743339831059
0.0639857479709674,0.938,0.304545454545455
0.0639161423684028,0.938,0.304347826086957
0.0637400777175429,0.938,0.304150453955901
0.0636971779972221,0.938,0.303953337653921
0.0636835052296363,0.94,0.30440414507772
0.0634991147496091,0.94,0.3042071197411
0.0634836727309755,0.94,0.304010349288486
0.0634779401102266,0.94,0.303813833225598
0.0634631837518567,0.94,0.303617571059432
0.0634538213529989,0.94,0.303421562298257
0.0634480013888698,0.94,0.303225806451613
0.0633372001111663,0.94,0.303030303030303
0.0633150016084784,0.942,0.303479381443299
0.0630888961096861,0.942,0.30328396651642
0.0630854407508993,0.942,0.303088803088803
0.0630447533015212,0.942,0.302893890675241
0.0627973847259903,0.942,0.302699228791774
0.0625565859741746,0.942,0.302504816955684
0.062333601478664,0.942,0.302310654685494
0.0620685004706639,0.942,0.302116741500962
0.0620421481497594,0.944,0.302564102564103
0.0620175480577168,0.944,0.302370275464446
0.0618672382141851,0.944,0.302176696542894
0.0616365442861838,0.944,0.301983365323097
0.0614198130083232,0.944,0.301790281329923
0.0613618804605611,0.944,0.301597444089457
0.0613505356363264,0.944,0.301404853128991
0.0613088465896606,0.944,0.301212507977026
0.0612900816231944,0.944,0.301020408163265
0.0610446167193115,0.946,0.301465901848311
0.0608954301587547,0.946,0.301273885350318
0.0607957036534938,0.946,0.301082113303628
0.0606583747402334,0.948,0.301526717557252
0.0604919846898328,0.948,0.301335028607756
0.0604074211138417,0.948,0.301143583227446
0.0603703576913068,0.948,0.300952380952381
0.0603179369904838,0.948,0.300761421319797
0.0602544764910678,0.948,0.300570703868104
0.060192611378641,0.948,0.300380228136882
0.0600272668272184,0.948,0.300189993666878
0.0599917961584613,0.948,0.3
0.0598150082991221,0.948,0.299810246679317
0.0597723860570033,0.948,0.299620733249052
0.059689563231546,0.948,0.29943145925458
0.059522875695941,0.948,0.299242424242424
0.0594766679061367,0.948,0.299053627760252
0.059085400542,0.948,0.298865069356873
0.0590552306218862,0.948,0.298676748582231
0.0587337907261941,0.948,0.298488664987406
0.0586839890930367,0.95,0.298930144745123
0.0586416349427404,0.95,0.29874213836478
0.0585597711891227,0.95,0.29855436832181
0.0585148959299416,0.95,0.298366834170854
0.0584322683505222,0.952,0.298807281858129
0.0583873510176306,0.952,0.29861982434128
0.0583835704180955,0.952,0.298432601880878
0.0583773185104439,0.952,0.298245614035088
0.0582234036938548,0.952,0.298058860363181
0.0581467920038129,0.952,0.297872340425532
0.0581171600952911,0.952,0.297686053783615
0.0579324919199097,0.952,0.2975
0.0579014780053224,0.952,0.297314178638351
0.0578510178105101,0.952,0.297128589263421
0.0578340544600192,0.952,0.296943231441048
0.057627526138273,0.952,0.296758104738155
0.0576109219705544,0.952,0.296573208722741
0.0575858382695988,0.954,0.297011207970112
0.0575690755483083,0.954,0.296826384567517
0.0573095347350319,0.954,0.296641791044776
0.0572795084385779,0.954,0.296457426973275
0.0570612090053866,0.954,0.296273291925466
0.0567804648945188,0.954,0.29608938547486
0.0567530050319631,0.954,0.29590570719603
0.0566918321881185,0.954,0.2957222566646
0.0566398079875513,0.954,0.295539033457249
0.0565457912138233,0.954,0.295356037151703
0.0564460116723096,0.954,0.295173267326733
0.0564360239344002,0.954,0.294990723562152
0.0564138918248024,0.954,0.294808405438813
0.0563592142140567,0.954,0.294626312538604
0.0562259689557888,0.954,0.294444444444444
0.0561650798083418,0.954,0.294262800740284
0.0561147809256645,0.954,0.294081381011097
0.0561142885110621,0.954,0.293900184842884
0.0559665349544848,0.954,0.29371921182266
0.0559415707319623,0.954,0.293538461538462
0.0559391409073646,0.956,0.293972939729397
0.0558713001875081,0.956,0.29379225568531
0.0556956148681997,0.956,0.293611793611794
0.0555923671816458,0.958,0.294045426642112
0.0555219345218818,0.958,0.293865030674847
0.0555050129114753,0.958,0.293684855916616
0.05549000724453,0.958,0.293504901960784
0.0553545249832115,0.958,0.293325168401715
0.0552182287646735,0.958,0.293145654834761
0.0551503283052986,0.958,0.292966360856269
0.055073695276953,0.958,0.29278728606357
0.0547906871542668,0.958,0.292608430054979
0.0547873693014381,0.958,0.292429792429792
0.0545804325960819,0.958,0.292251372788286
0.0544434392051502,0.958,0.292073170731707
0.0543510211453209,0.958,0.291895185862279
0.0540113811836505,0.958,0.291717417783191
0.0539541876196029,0.958,0.2915398660986
0.0537680899171706,0.958,0.291362530413625
0.0537459103992506,0.96,0.291793313069909
0.0536597120856548,0.96,0.291616038882138
0.0535225595847123,0.962,0.292046144505161
0.0534957112628311,0.962,0.291868932038835
0.0533485238992525,0.962,0.291691934505761
0.0533463720768833,0.962,0.291515151515152
0.0532465828842013,0.962,0.291338582677165
0.0530984272835127,0.962,0.291162227602906
0.0530809648805483,0.962,0.290986085904416
0.0528531144627293,0.962,0.29081015719468
0.0528355722771931,0.962,0.290634441087613
0.0526919394967363,0.962,0.290458937198068
0.052680766078195,0.962,0.290283645141823
0.0524091184986158,0.962,0.290108564535585
0.0523675877255798,0.962,0.289933694996986
0.0523651952424358,0.962,0.289759036144578
0.0522628250154791,0.962,0.289584587597833
0.0521517826035718,0.962,0.289410348977136
0.0520977076394678,0.962,0.289236319903788
0.0520632865835649,0.962,0.2890625
0.05192258153307,0.962,0.288888888888889
0.051778030550014,0.962,0.288715486194478
0.05172665387507,0.962,0.288542291541692
0.0516990242809677,0.962,0.288369304556355
0.0516688822908453,0.962,0.288196524865189
0.0515847274588669,0.962,0.288023952095808
0.0514998084919141,0.962,0.287851585876721
0.0514375454612686,0.962,0.287679425837321
0.0514257450875641,0.964,0.288105200239091
0.0513879313779131,0.964,0.287933094384707
0.0509956527114064,0.964,0.287761194029851
0.0505485396425811,0.964,0.287589498806683
0.0505174496018042,0.964,0.287418008348241
0.0504158350361724,0.964,0.287246722288439
0.0504124289281055,0.964,0.287075640262061
0.0502804261029064,0.964,0.286904761904762
0.0501694627497844,0.964,0.286734086853064
0.0501464777320045,0.964,0.286563614744352
0.0499432510868755,0.964,0.286393345216875
0.0499239310439858,0.964,0.286223277909739
0.0498716949203077,0.964,0.286053412462908
0.0498337931064588,0.964,0.2858837485172
0.0497444051329693,0.964,0.285714285714286
0.0497390922216638,0.964,0.285545023696682
0.0496845440754247,0.964,0.285375962107756
0.0496428953885391,0.964,0.285207100591716
0.049475673369275,0.964,0.285038438793613
0.0492958825681862,0.964,0.284869976359338
0.0492730807920069,0.964,0.284701712935617
0.0492117255916774,0.964,0.284533648170012
0.0490689485948484,0.964,0.284365781710914
0.0489469733191737,0.964,0.284198113207547
0.048884247174093,0.964,0.284030642309959
0.0484583964755052,0.964,0.283863368669022
0.0483628968881498,0.964,0.283696291936433
0.0483422504337946,0.964,0.283529411764706
0.0482204551060007,0.964,0.283362727807172
0.0481904102128876,0.964,0.283196239717979
0.0481775644113405,0.964,0.283029947152085
0.0478548553489041,0.964,0.282863849765258
0.0478532846685746,0.964,0.282697947214076
0.047835688200908,0.964,0.28253223915592
0.0477331540390914,0.966,0.282952548330404
0.0477290383228334,0.966,0.282786885245902
0.0476353558099077,0.966,0.282621416032768
0.0475288892499964,0.966,0.282456140350877
0.0474623018775001,0.966,0.2822910578609
0.0473559476002536,0.966,0.282126168224299
0.0473549335702197,0.966,0.281961471103327
0.0470973086049154,0.966,0.281796966161027
0.0469162713270987,0.966,0.281632653061224
0.0468358277393787,0.966,0.281468531468531
0.0468055428626176,0.966,0.28130460104834
0.0466967797380065,0.966,0.281140861466822
0.0465917460241989,0.966,0.280977312390925
0.0465787894139801,0.966,0.280813953488372
0.0463830903962607,0.966,0.280650784427658
0.0462984915766277,0.966,0.280487804878049
0.0462169985205493,0.966,0.280325014509576
0.0460570613491236,0.966,0.280162412993039
0.0460521437229825,0.966,0.28
0.0459118331727726,0.966,0.279837775202781
0.0458077874652809,0.966,0.279675738274464
0.0458016867372226,0.966,0.279513888888889
0.0456058424061189,0.966,0.279352226720648
0.045562596273556,0.966,0.279190751445087
0.0450364005115209,0.966,0.279029462738302
0.0450064037796762,0.966,0.278868360277136
0.0446312716710292,0.966,0.278707443739181
0.044621312776413,0.966,0.278546712802768
0.0446180976756693,0.966,0.278386167146974
0.0446172091443931,0.966,0.278225806451613
0.044603909595493,0.966,0.278065630397237
0.0445278113339708,0.966,0.277905638665132
0.0443748202616996,0.966,0.27774583093732
0.0442511873274367,0.966,0.277586206896552
0.0441589012035055,0.966,0.277426766226307
0.0441277385513263,0.968,0.277841561423651
0.0441057342415856,0.968,0.277682157200229
0.0440584627398299,0.968,0.277522935779817
0.0438110970232051,0.968,0.277363896848138
0.0437869783899475,0.968,0.277205040091638
0.0436769955118015,0.968,0.277046365197481
0.0436455108034707,0.968,0.276887871853547
0.0436419251211372,0.968,0.276729559748428
0.0434770959748518,0.968,0.276571428571429
0.0433945111216469,0.968,0.276413478012564
0.0433303677774272,0.968,0.276255707762557
0.0432296340612898,0.97,0.276668568168853
0.0431511726573597,0.97,0.276510832383124
0.0429746416173929,0.97,0.276353276353276
0.0428527911927881,0.97,0.27619589977221
0.0426926529143591,0.97,0.276038702333523
0.0426650668651264,0.97,0.275881683731513
0.0423420178929126,0.97,0.275724843661171
0.0422770724410362,0.97,0.275568181818182
0.0421611010046233,0.97,0.275411697898921
0.0420174564138645,0.97,0.275255391600454
0.041992579973577,0.97,0.275099262620533
0.041671984197377,0.97,0.274943310657596
0.041658681666494,0.97,0.274787535410765
0.0415312656767616,0.97,0.274631936579841
0.0413719822678478,0.97,0.274476513865308
0.041262037324978,0.97,0.274321266968326
0.0411975961724487,0.97,0.274166195590729
0.0409580747166159,0.97,0.274011299435028
0.0409449512489427,0.97,0.273856578204404
0.0406004003940281,0.972,0.274266365688488
0.0405987181168359,0.972,0.274111675126904
0.040595000682955,0.972,0.273957158962796
0.0405898517956956,0.974,0.274366197183099
0.0405542692952181,0.974,0.274211711711712
0.0405540024086295,0.974,0.274057400112549
0.0405393351722744,0.974,0.273903262092238
0.0404041935950754,0.974,0.273749297358066
0.0400011273153179,0.974,0.273595505617978
0.0399415266329038,0.974,0.273441886580573
0.0398819515539805,0.974,0.273288439955107
0.0397991553012381,0.974,0.273135165451486
0.0397707823303407,0.974,0.272982062780269
0.0395226529619775,0.974,0.272829131652661
0.0394846694690673,0.974,0.272676371780515
0.0392995013642885,0.976,0.273083379966424
0.0392788762386496,0.976,0.272930648769575
0.0392216369399655,0.976,0.272778088317496
0.039184286969707,0.976,0.272625698324022
0.0389824978098146,0.976,0.272473478503629
0.0389490129463917,0.976,0.272321428571429
0.0388651296960229,0.976,0.272169548243168
0.0388242504684212,0.976,0.272017837235229
0.0386240689448319,0.976,0.271866295264624
0.0385727866432633,0.976,0.271714922048998
0.0385077726608975,0.976,0.271563717306622
0.0384147421389237,0.976,0.271412680756396
0.0383248315090129,0.976,0.271261812117843
0.0383020486068721,0.976,0.271111111111111
0.0382952702273715,0.976,0.270960577456968
0.0382937647292545,0.976,0.270810210876804
0.0382270409088067,0.976,0.270660011092623
0.0381815762009006,0.976,0.270509977827051
0.0381271847231541,0.976,0.270360110803324
0.0380319955798244,0.976,0.270210409745293
0.0378922609575155,0.976,0.270060874377421
0.0378725046745956,0.976,0.269911504424779
0.037872291581333,0.976,0.269762299613046
0.0378368172177285,0.976,0.269613259668508
0.0377266332406696,0.976,0.269464384318056
0.0376768304711235,0.978,0.269867549668874
0.0376652967157374,0.978,0.269718698290127
0.0376443053548862,0.978,0.269570011025358
0.0375217614772063,0.978,0.269421487603306
0.0368534992820542,0.978,0.269273127753304
0.0367912765114193,0.978,0.269124931205283
0.0367865367468376,0.978,0.268976897689769
0.0367703163995771,0.978,0.268829026937878
0.0367671950957609,0.978,0.268681318681319
0.036447907306428,0.978,0.268533772652389
0.036291312224713,0.978,0.268386388583974
0.0359569298861574,0.978,0.268239166209545
0.0356570599270355,0.978,0.268092105263158
0.0356400274341879,0.978,0.267945205479452
0.0355839244857017,0.978,0.267798466593647
0.0355504032201187,0.978,0.267651888341544
0.035231036669795,0.978,0.267505470459519
0.0352081512376697,0.978,0.267359212684527
0.0351562477591747,0.978,0.267213114754098
0.0351342835766142,0.978,0.267067176406335
0.0350164529177265,0.978,0.266921397379913
0.0349337662937652,0.978,0.266775777414075
0.0348975051312671,0.978,0.266630316248637
0.0348709003980829,0.978,0.266485013623978
0.0347385719081062,0.978,0.266339869281046
0.0346411693299457,0.978,0.26619488296135
0.0346230100834206,0.978,0.266050054406964
0.0344717949014618,0.978,0.265905383360522
0.0343624420196139,0.978,0.265760869565217
0.034318812144366,0.978,0.265616512764802
0.0343034094914579,0.978,0.265472312703583
0.034127946439666,0.978,0.265328269126424
0.0341247125508528,0.98,0.265726681127983
0.034109276807747,0.98,0.265582655826558
0.0340512597380957,0.98,0.265438786565547
0.0340118092440993,0.98,0.2652950730915
0.0339359000850417,0.98,0.265151515151515
0.0338747164885698,0.98,0.26500811249324
0.033866141672978,0.98,0.264864864864865
0.0338424006639253,0.98,0.264721772015127
0.0338408100453021,0.982,0.26511879049676
0.0338105953190375,0.982,0.264975715056665
0.033758314527849,0.982,0.264832793959008
0.0336728910754475,0.982,0.264690026954178
0.0333819215669535,0.982,0.264547413793103
0.0333432229005872,0.982,0.264404954227248
0.0333363128727119,0.982,0.264262648008611
0.033241179616194,0.982,0.264120494889726
0.0332169469980433,0.982,0.263978494623656
0.0331933329923041,0.982,0.263836646963998
0.0331674204905453,0.982,0.263694951664876
0.0331364798545404,0.982,0.263553408480945
0.0330882381819847,0.982,0.263412017167382
0.0330687045170252,0.982,0.263270777479893
0.0329563112315218,0.982,0.263129689174705
0.0327393563006007,0.982,0.26298875200857
0.0327022629532173,0.982,0.262847965738758
0.0326065056351492,0.982,0.26270733012306
0.0325304982890959,0.982,0.262566844919786
0.0325145210905217,0.982,0.262426509887761
0.0322349158700319,0.982,0.262286324786325
0.0321370760004838,0.982,0.262146289375334
0.0317116586630003,0.982,0.262006403415155
0.0315365271749246,0.982,0.261866666666667
0.0312744644129238,0.982,0.261727078891258
0.0309558907596401,0.984,0.262120404901438
0.0309342865543714,0.984,0.261980830670927
0.0308053415356039,0.986,0.262373602980309
0.0307132529507568,0.986,0.262234042553191
0.0306297475466044,0.986,0.262094630515683
0.0306227059113564,0.986,0.261955366631243
0.0305677721338144,0.986,0.261816250663834
0.0303993437275641,0.986,0.261677282377919
0.0302565218995392,0.986,0.261538461538462
0.0300986520591779,0.986,0.261399787910923
0.0298220335923532,0.986,0.261261261261261
0.0297338218763506,0.986,0.261122881355932
0.0295891331052171,0.986,0.260984647961885
0.0295367571468134,0.986,0.260846560846561
0.029371086290483,0.986,0.260708619777895
0.0292227756331681,0.986,0.260570824524313
0.0291633517980274,0.986,0.260433174854728
0.0290913355655784,0.986,0.260295670538543
0.0290776531391006,0.986,0.260158311345646
0.0290415942193891,0.988,0.260548523206751
0.0286106492914634,0.988,0.260411175540327
0.0285747092152862,0.988,0.26027397260274
0.0284298463602974,0.988,0.26013691416535
0.0283880160750963,0.988,0.26
0.0283043637370246,0.988,0.259863229879011
0.0281531845828242,0.988,0.259726603575184
0.0280536881746304,0.988,0.259590120861797
0.0279533588757876,0.988,0.259453781512605
0.0278353722576242,0.988,0.259317585301837
0.0274549450262417,0.988,0.259181532004197
0.0274136185663391,0.988,0.259045621394861
0.0272714278078816,0.988,0.258909853249476
0.0272506577775595,0.988,0.258774227344159
0.0270683853509878,0.988,0.258638743455497
0.0268215293202625,0.988,0.258503401360544
0.0267839287567055,0.988,0.25836820083682
0.0266216711052036,0.988,0.25823314166231
0.0265317964908658,0.988,0.258098223615465
0.0264852307896519,0.988,0.257963446475196
0.0264788858166199,0.988,0.257828810020877
0.0264785759132536,0.988,0.257694314032342
0.0263479831619442,0.988,0.257559958289885
0.0260106090196436,0.988,0.257425742574257
0.0257240464852583,0.988,0.257291666666667
0.025626830631092,0.988,0.257157730348777
0.0254580863476295,0.988,0.257023933402706
0.0252878457266225,0.988,0.256890275611024
0.0252688971713481,0.988,0.256756756756757
0.0250254814012639,0.988,0.256623376623377
0.0247356553643828,0.988,0.256490134994808
0.0246463385637495,0.988,0.256357031655423
0.0245050259711023,0.988,0.256224066390041
0.0244455175046151,0.988,0.256091238983929
0.0243767670777362,0.988,0.255958549222798
0.0241622796735485,0.988,0.255825996892802
0.024156750008299,0.988,0.255693581780538
0.0241414168318807,0.988,0.255561303673047
0.0239666480317388,0.99,0.255946225439504
0.0237160216541441,0.99,0.255813953488372
0.0237005339189417,0.99,0.255681818181818
0.0236747313041386,0.99,0.255549819308209
0.0235068275168846,0.99,0.255417956656347
0.0234142201204425,0.99,0.255286230015472
0.0233896820941399,0.99,0.255154639175258
0.0232725198206623,0.99,0.255023183925811
0.0231570675031847,0.99,0.254891864057673
0.0231407631484648,0.99,0.254760679361812
0.0230864080076833,0.99,0.25462962962963
0.0230036576488013,0.99,0.254498714652956
0.0227171467327169,0.99,0.254367934224049
0.0226477195414148,0.99,0.254237288135593
0.0225787299415112,0.99,0.254106776180698
0.0222164266800439,0.99,0.253976398152899
0.022178524412374,0.99,0.253846153846154
0.0221465129010034,0.99,0.253716043054844
0.0221404793999066,0.99,0.253586065573771
0.0221213688102199,0.99,0.253456221198157
0.0221035377053453,0.99,0.253326509723644
0.0220407591094739,0.99,0.253196930946292
0.0220047614582145,0.99,0.253067484662577
0.0217975538511365,0.99,0.252938170669392
0.0217595302700255,0.99,0.252808988764045
0.0217574457775985,0.99,0.252679938744257
0.0216825373529917,0.99,0.252551020408163
0.0216081061591818,0.99,0.252422233554309
0.0215690999589994,0.99,0.252293577981651
0.0214299809630087,0.99,0.252165053489557
0.0214076514881004,0.99,0.2520366598778
0.0210044115702104,0.99,0.251908396946565
0.0207414120020749,0.99,0.251780264496439
0.0206327098952261,0.99,0.251652262328419
0.0206227733814911,0.992,0.252032520325203
0.0203453553102689,0.994,0.252412392077197
0.0202967414535836,0.994,0.252284263959391
0.0201790308310204,0.994,0.252156265854896
0.0200274767883911,0.994,0.252028397565923
0.0197750304710999,0.996,0.252407501267106
0.0193427403564982,0.996,0.252279635258359
0.0191927133805618,0.996,0.252151898734177
0.0190149413259539,0.996,0.252024291497976
0.0182786549608944,0.996,0.251896813353566
0.0182627017301744,0.996,0.251769464105157
0.0181847748692158,0.996,0.251642243557352
0.0179440224100688,0.996,0.251515151515152
0.017786756570977,0.996,0.251388187783948
0.01767885584036,0.996,0.251261352169526
0.0170105118558131,0.998,0.251638930912758
0.0169782301412518,0.998,0.251512096774194
0.0165723616374189,0.998,0.251385390428212
0.0164695907271423,0.998,0.251258811681772
0.0154791217199729,0.998,0.251132360342224
0.0152999819847619,0.998,0.251006036217304
0.0151040606120538,0.998,0.250879839115133
0.0150705213924233,0.998,0.250753768844221
0.0148128010861303,0.998,0.250627825213461
0.014782341623227,0.998,0.250502008032129
0.0145452472808072,1,0.250878073256397
0.0125620441831667,1,0.250752256770311
0.0124312965317748,1,0.25062656641604
0.0122022995251107,1,0.250501002004008
0.0118634118201926,1,0.250375563345018
0.0113522695209411,1,0.25025025025025
0.0106534906917381,1,0.250125062531266
0.010238101440484,1,0.25
